open_time,open,high,low,close,volume,close_time,quote_volume,trades,taker_buy_base,taker_buy_quote,ignore
1788220800000000,0.08285,0.08329,0.08276,0.08307,19061049.0,1788224399999999,1582860.38784,12977,9071445.0,753557.18401,0
1788224400000000,0.08308,0.08326,0.08251,0.08282,19173419.0,1788227999999999,1588898.71697,14931,10614181.0,879844.6232,0
1788228000000000,0.08281,0.08301,0.08251,0.08288,13132302.0,1788231599999999,1086883.46072,10862,6108175.0,505451.6971,0
1788231600000000,0.08287,0.08346,0.08281,0.08321,12730778.0,1788235199999999,1059265.17577,11577,6597087.0,548912.99918,0
1788235200000000,0.08321,0.08347,0.08311,0.08318,10189817.0,1788238799999999,848459.1284,9061,5989495.0,498727.37364,0
1788238800000000,0.08318,0.08396,0.08315,0.08387,15223992.0,1788242399999999,1272701.64074,11998,7778060.0,650138.3926,0
1788242400000000,0.08386,0.08386,0.0834,0.08342,23997069.0,1788245999999999,2006373.65044,13089,11628080.0,972240.72132,0
1788246000000000,0.08341,0.08375,0.08314,0.08337,30881310.0,1788249599999999,2576960.89234,14776,15990373.0,1334288.41202,0
1788249600000000,0.08337,0.08341,0.08227,0.08229,51044875.0,1788253199999999,4217130.64585,33850,22452355.0,1855572.58053,0
1788253200000000,0.08229,0.08252,0.08213,0.08242,20463754.0,1788256799999999,1685205.48866,17065,9904804.0,815639.20701,0
1788256800000000,0.08241,0.08306,0.08235,0.08286,18692883.0,1788260399999999,1544842.22037,14716,9685416.0,800249.70176,0
1788260400000000,0.08286,0.08337,0.08271,0.0832,19062859.0,1788263999999999,1584468.62563,15733,9337973.0,776249.36738,0
1788264000000000,0.0832,0.08322,0.08235,0.08257,17252629.0,1788267599999999,1429781.34429,20222,5971682.0,494782.17365,0
1788267600000000,0.08257,0.08286,0.08176,0.08274,42640595.0,1788271199999999,3510323.15102,45237,18123438.0,1492703.99943,0
1788271200000000,0.08274,0.08315,0.08265,0.08277,17663241.0,1788274799999999,1464737.60931,25730,9614239.0,797202.24955,0
1788274800000000,0.08278,0.08296,0.08199,0.08272,30334597.0,1788278399999999,2503554.55199,24225,13518131.0,1115401.88001,0
1788278400000000,0.08273,0.08274,0.08178,0.08215,20747929.0,1788281999999999,1706247.11646,21973,10053724.0,827259.51146,0
1788282000000000,0.08216,0.0826,0.08193,0.08204,21341587.0,1788285599999999,1756069.88369,19738,10658470.0,876847.45223,0
1788285600000000,0.08204,0.08216,0.0807,0.08171,50458470.0,1788289199999999,4102866.50635,40856,18055542.0,1468930.0733,0
1788289200000000,0.08172,0.08222,0.08168,0.08195,12045346.0,1788292799999999,987405.75667,16987,6560220.0,537705.51327,0
1788292800000000,0.08196,0.08215,0.08156,0.08199,20321435.0,1788296399999999,1663485.04576,15435,10158157.0,831186.11934,0
1788296400000000,0.08199,0.082,0.08101,0.0815,26232841.0,1788299999999999,2137675.70983,21377,12622730.0,1027641.89765,0
1788300000000000,0.0815,0.08176,0.08123,0.08147,15674739.0,1788303599999999,1276742.02596,14033,8650158.0,704410.94684,0
1788303600000000,0.08146,0.08189,0.08139,0.08167,14685381.0,1788307199999999,1199084.24254,10598,6691976.0,546524.36755,0
1788307200000000,0.08168,0.08175,0.08115,0.08116,13778133.0,1788310799999999,1121501.54529,11664,3943116.0,321250.12173,0
1788310800000000,0.08115,0.0814,0.08028,0.08071,39993661.0,1788314399999999,3229128.63804,25611,20059020.0,1619644.8152,0
1788314400000000,0.08072,0.08133,0.08059,0.08116,25281086.0,1788317999999999,2049541.6295,20810,13450477.0,1090112.32735,0
1788318000000000,0.08117,0.08177,0.0811,0.08153,22879640.0,1788321599999999,1863713.72629,18002,13374358.0,1089496.71126,0
1788321600000000,0.08153,0.08184,0.08114,0.08175,18477610.0,1788325199999999,1505608.43905,11907,9975161.0,812827.75891,0
1788325200000000,0.08174,0.08207,0.08153,0.08201,22157892.0,1788328799999999,1813391.33516,14388,14072273.0,1151495.34992,0
1788328800000000,0.08202,0.08211,0.08155,0.08179,26880488.0,1788332399999999,2199697.98105,16209,14161492.0,1158689.19282,0
1788332400000000,0.08179,0.08199,0.08164,0.08167,9734847.0,1788335999999999,796629.95416,9173,5788931.0,473846.03598,0
1788336000000000,0.08168,0.08175,0.08079,0.08099,15990773.0,1788339599999999,1297572.26497,16288,7279585.0,590543.21098,0
1788339600000000,0.08099,0.08128,0.08058,0.08091,55907136.0,1788343199999999,4521581.72555,26715,27937549.0,2259300.69083,0
1788343200000000,0.0809,0.08093,0.08013,0.08081,43644292.0,1788346799999999,3516745.87771,26793,19574534.0,1578211.11282,0
1788346800000000,0.08081,0.08127,0.08054,0.08124,17508857.0,1788350399999999,1416378.47786,20169,10093012.0,816607.67914,0
1788350400000000,0.08124,0.08143,0.08078,0.08083,16177296.0,1788353999999999,1313338.21478,15964,8264457.0,671032.22005,0
1788354000000000,0.08084,0.08207,0.08074,0.08172,38777003.0,1788357599999999,3155764.28155,35897,19639014.0,1599221.0464,0
1788357600000000,0.08172,0.08197,0.0815,0.08151,23860426.0,1788361199999999,1949854.26944,25107,10136172.0,828344.9131,0
1788361200000000,0.08151,0.08181,0.0807,0.08167,35929120.0,1788364799999999,2920808.64585,35881,16994780.0,1381237.31118,0
1788364800000000,0.08167,0.0819,0.08139,0.08139,19029140.0,1788368399999999,1554441.76507,21916,9175862.0,749474.02523,0
1788368400000000,0.08139,0.08156,0.08085,0.08146,34256329.0,1788371999999999,2778993.40586,19354,23846834.0,1933934.21605,0
1788372000000000,0.08146,0.08175,0.08129,0.08147,22916928.0,1788375599999999,1867511.49348,16997,10905271.0,888455.09636,0
1788375600000000,0.08146,0.08155,0.08097,0.0813,13217935.0,1788379199999999,1074422.48933,13772,6125439.0,497959.64137,0
1788379200000000,0.08131,0.08193,0.08127,0.08169,42207092.0,1788382799999999,3444979.63282,21632,26013106.0,2122668.3182,0
1788382800000000,0.0817,0.08187,0.0815,0.08168,11485421.0,1788386399999999,938112.5866,9177,6846367.0,559205.14534,0
1788386400000000,0.08168,0.08168,0.08088,0.08105,23562217.0,1788389999999999,1911430.06388,14209,10624383.0,861782.58496,0
1788390000000000,0.08106,0.08181,0.08095,0.08176,18312544.0,1788393599999999,1491479.53433,12084,11315193.0,921802.91919,0
1788393600000000,0.08176,0.08195,0.08124,0.08142,23922662.0,1788397199999999,1951589.55025,15405,11480039.0,936234.56338,0
1788397200000000,0.08141,0.08265,0.08116,0.0822,44561313.0,1788400799999999,3661708.15068,34572,24553012.0,2017635.79428,0
1788400800000000,0.0822,0.08329,0.08206,0.0832,40604695.0,1788404399999999,3366827.09474,30654,15888318.0,1316993.02036,0
1788404400000000,0.08321,0.08323,0.08256,0.08279,22586150.0,1788407999999999,1872614.10356,15753,10668127.0,884609.64186,0
1788408000000000,0.0828,0.083,0.08245,0.08299,19264200.0,1788411599999999,1593460.20217,12417,10740313.0,888093.36015,0
1788411600000000,0.08299,0.08311,0.08207,0.083,27599701.0,1788415199999999,2283956.79502,24694,14439983.0,1194993.10643,0
1788415200000000,0.083,0.08312,0.08274,0.083,20236316.0,1788418799999999,1678342.60755,13487,12216169.0,1013110.21201,0
1788418800000000,0.08299,0.0837,0.08266,0.0829,48155457.0,1788422399999999,4006310.86316,32343,25420138.0,2114349.93607,0
1788422400000000,0.0829,0.08363,0.08288,0.08317,19864707.0,1788425999999999,1654562.1403,20725,11941068.0,994484.54445,0
1788426000000000,0.08317,0.08333,0.08277,0.08281,15732563.0,1788429599999999,1306541.52482,15101,8490205.0,705078.50254,0
1788429600000000,0.0828,0.08311,0.08253,0.08297,17910351.0,1788433199999999,1483265.20644,17408,9073427.0,751586.4553,0
1788433200000000,0.08298,0.0834,0.08287,0.08328,20836526.0,1788436799999999,1732604.45175,20069,11396038.0,947554.18111,0
1788436800000000,0.08327,0.0838,0.08311,0.08368,36127297.0,1788440399999999,3014082.09895,23336,21583976.0,1801306.84479,0
1788440400000000,0.08367,0.08378,0.08327,0.08352,23782234.0,1788443999999999,1986288.79574,25824,9626915.0,804168.48013,0
1788444000000000,0.08351,0.08795,0.08331,0.08792,127811189.0,1788447599999999,10932540.31517,87711,74313034.0,6357208.62029,0
1788447600000000,0.08792,0.08942,0.08679,0.0892,192274084.0,1788451199999999,16914090.44213,132143,96055437.0,8448981.7558,0
1788451200000000,0.0892,0.08999,0.08809,0.08948,127769968.0,1788454799999999,11384690.45764,108620,57297151.0,5106672.83153,0
1788454800000000,0.08948,0.08981,0.08885,0.08939,78358710.0,1788458399999999,6999970.83431,63967,37886360.0,3384848.77325,0
1788458400000000,0.08939,0.08969,0.08894,0.08958,42238335.0,1788461999999999,3775657.95536,33306,21898479.0,1958091.00175,0
1788462000000000,0.08958,0.08996,0.08904,0.08932,29717162.0,1788465599999999,2658497.98064,29795,17439892.0,1560878.10032,0
1788465600000000,0.08932,0.08936,0.08842,0.08864,52839452.0,1788469199999999,4696911.98664,31853,22668849.0,2014732.49592,0
1788469200000000,0.08864,0.08939,0.08828,0.08829,42963679.0,1788472799999999,3813924.67565,37394,22051171.0,1957393.71651,0
1788472800000000,0.08828,0.08837,0.08712,0.08746,50563550.0,1788476399999999,4437994.42977,37671,18579160.0,1630533.33852,0
1788476400000000,0.08746,0.08796,0.08742,0.08782,24651929.0,1788479999999999,2161755.29956,20147,11130881.0,976154.29865,0
1788480000000000,0.08782,0.0881,0.087,0.08705,43526309.0,1788483599999999,3812935.35744,29315,20218862.0,1771437.50694,0
1788483600000000,0.08706,0.08749,0.0868,0.08715,49040305.0,1788487199999999,4271497.47301,28250,25176473.0,2192971.30617,0
1788487200000000,0.08716,0.08729,0.08658,0.08728,17758084.0,1788490799999999,1542843.2687,17472,8817675.0,766325.72374,0
1788490800000000,0.08729,0.08752,0.08716,0.08716,11029580.0,1788494399999999,963174.33867,13233,6526097.0,570026.87359,0
1788494400000000,0.08716,0.08759,0.08704,0.08728,15683769.0,1788497999999999,1368956.26013,14826,9897066.0,863760.5787,0
1788498000000000,0.08727,0.0874,0.08663,0.08696,33480339.0,1788501599999999,2914644.29384,22069,17884640.0,1556724.94186,0
1788501600000000,0.08696,0.0872,0.08653,0.08709,18443324.0,1788505199999999,1602149.721,17838,11363954.0,987601.06032,0
1788505200000000,0.08708,0.08754,0.087,0.08703,30227599.0,1788508799999999,2637223.74533,20134,16815481.0,1467258.73468,0
1788508800000000,0.08704,0.08769,0.08676,0.08766,35965395.0,1788512399999999,3136791.96526,25663,19157533.0,1671041.81658,0
1788512400000000,0.08767,0.08836,0.08745,0.08769,62275458.0,1788515999999999,5473551.57244,35802,34174585.0,3003134.95772,0
1788516000000000,0.08769,0.08777,0.08721,0.08771,21279018.0,1788519599999999,1862265.16634,18416,10532292.0,921839.69877,0
1788519600000000,0.08771,0.08802,0.08756,0.08777,24948477.0,1788523199999999,2191312.07224,15748,14013860.0,1230769.34979,0
1788523200000000,0.08776,0.08805,0.08399,0.08502,298831500.0,1788526799999999,25520649.18833,164059,130690688.0,11178425.91214,0
1788526800000000,0.08501,0.08587,0.08467,0.08524,53998807.0,1788530399999999,4598441.64609,59193,25068489.0,2135967.57296,0
1788530400000000,0.08524,0.08543,0.08378,0.08419,56090333.0,1788533999999999,4745529.56272,50804,24724276.0,2092987.86705,0
1788534000000000,0.08419,0.08467,0.084,0.0844,32921222.0,1788537599999999,2780105.74975,22244,16781260.0,1417178.60188,0
1788537600000000,0.08439,0.08491,0.08427,0.08464,27262035.0,1788541199999999,2308199.26023,17550,14664255.0,1241868.02432,0
1788541200000000,0.08465,0.08467,0.08402,0.08413,13762770.0,1788544799999999,1161160.62853,13402,7231680.0,610153.60348,0
1788544800000000,0.08413,0.08474,0.08412,0.0847,11934014.0,1788548399999999,1007515.50669,8911,7611842.0,642544.42533,0
1788548400000000,0.0847,0.08505,0.0844,0.08474,49628052.0,1788551999999999,4204079.9205,15551,17432844.0,1477090.93537,0
1788552000000000,0.08474,0.08485,0.0846,0.08474,18063385.0,1788555599999999,1530237.79965,9279,11394353.0,965220.02311,0
1788555600000000,0.08474,0.08497,0.08444,0.08446,17062457.0,1788559199999999,1445869.86062,11989,8851591.0,750038.47893,0
1788559200000000,0.08447,0.08466,0.08443,0.08453,13257156.0,1788562799999999,1120845.6099,8416,7350275.0,621431.26011,0
1788562800000000,0.08453,0.08483,0.08443,0.08477,8521990.0,1788566399999999,721469.18776,5435,5355210.0,453283.24976,0
1788566400000000,0.08478,0.08486,0.08457,0.08464,12504964.0,1788569999999999,1059370.83857,7663,6673307.0,565282.92662,0
1788570000000000,0.08464,0.08495,0.08453,0.08463,21823638.0,1788573599999999,1850076.59083,10644,11803968.0,1000526.8114,0
1788573600000000,0.08463,0.08488,0.08402,0.0846,52684301.0,1788577199999999,4450768.98303,16131,18289106.0,1546722.08367,0
1788577200000000,0.0846,0.08475,0.08454,0.0846,14853121.0,1788580799999999,1257255.05924,7890,7047934.0,596568.66948,0
1788580800000000,0.08461,0.0848,0.08447,0.08465,10978533.0,1788584399999999,929158.05276,6124,5005322.0,423594.96261,0
1788584400000000,0.08465,0.0848,0.0845,0.08467,17560407.0,1788587999999999,1486652.5932,7313,9774559.0,827478.89396,0
1788588000000000,0.08467,0.08568,0.08465,0.08555,44503551.0,1788591599999999,3790789.08417,21700,23439373.0,1997659.76839,0
1788591600000000,0.08555,0.08585,0.0855,0.08578,28895002.0,1788595199999999,2474875.75749,15290,18066703.0,1547404.10569,0
1788595200000000,0.08578,0.08596,0.08548,0.08581,23873627.0,1788598799999999,2045514.88741,13772,13477367.0,1154608.99989,0
1788598800000000,0.08581,0.08635,0.08581,0.08608,19279842.0,1788602399999999,1659357.81259,13214,11372176.0,978676.52715,0
1788602400000000,0.08608,0.08624,0.08583,0.08585,21237043.0,1788605999999999,1826750.14575,11285,10534600.0,906241.39872,0
1788606000000000,0.08585,0.08625,0.08585,0.08612,20713486.0,1788609599999999,1781441.26525,12439,10554925.0,907835.5392,0
1788609600000000,0.08612,0.08759,0.0861,0.08732,60355816.0,1788613199999999,5241599.68141,28991,28526697.0,2479309.01983,0
1788613200000000,0.08733,0.08816,0.08698,0.08723,61187774.0,1788616799999999,5356643.55971,38556,31533568.0,2760283.72428,0
1788616800000000,0.08723,0.08813,0.08715,0.08776,40423867.0,1788620399999999,3544250.062,29235,19997281.0,1752501.33784,0
1788620400000000,0.08775,0.088,0.08734,0.0876,51592349.0,1788623999999999,4525149.2909,24971,23531977.0,2063739.07337,0
1788624000000000,0.0876,0.08856,0.08733,0.08803,56516606.0,1788627599999999,4959149.8568,27934,36549843.0,3207202.40068,0
1788627600000000,0.08802,0.09515,0.08778,0.09423,229609224.0,1788631199999999,20979211.98643,162873,130897857.0,11965568.74389,0
1788631200000000,0.09422,0.09476,0.0916,0.09181,191579206.0,1788634799999999,17793472.82452,166918,109054829.0,10127423.10278,0
1788634800000000,0.09181,0.09191,0.09038,0.09079,85776626.0,1788638399999999,7812515.62144,55156,45085904.0,4106459.85999,0
1788638400000000,0.09079,0.09131,0.09035,0.09068,73569620.0,1788641999999999,6682929.54182,42161,42452761.0,3855945.42586,0
1788642000000000,0.09069,0.09138,0.0899,0.0906,45170719.0,1788645599999999,4104247.58701,35507,25108047.0,2282574.1695,0
1788645600000000,0.0906,0.09108,0.0899,0.09011,91630293.0,1788649199999999,8313523.85244,33140,31688334.0,2870050.83964,0
1788649200000000,0.0901,0.09013,0.0893,0.08969,33631552.0,1788652799999999,3019105.75988,23810,17056226.0,1530876.21957,0
1788652800000000,0.08969,0.09044,0.08968,0.09023,34849429.0,1788656399999999,3142382.55199,18596,19774977.0,1782590.79922,0
1788656400000000,0.09023,0.09096,0.09012,0.09079,52347815.0,1788659999999999,4740651.66932,26735,27387220.0,2479795.63658,0
1788660000000000,0.0908,0.09104,0.09062,0.09095,30483651.0,1788663599999999,2769586.33023,18299,17345539.0,1575987.0366,0
1788663600000000,0.09095,0.09172,0.09071,0.09131,32867026.0,1788667199999999,2997816.93921,21434,17459484.0,1592682.56539,0
1788667200000000,0.09131,0.09132,0.09031,0.09053,37190402.0,1788670799999999,3373861.06395,25776,18027760.0,1634850.85063,0
1788670800000000,0.09053,0.09201,0.09037,0.09154,74404626.0,1788674399999999,6804453.46062,28795,43061445.0,3938753.71487,0
1788674400000000,0.09154,0.09203,0.09109,0.09113,77723592.0,1788677999999999,7115548.01928,24952,25243519.0,2311182.64371,0
1788678000000000,0.09113,0.09133,0.09037,0.09086,46336550.0,1788681599999999,4211548.18481,30068,22497454.0,2045054.78055,0
1788681600000000,0.09086,0.09101,0.09049,0.09068,24467339.0,1788685199999999,2219327.33361,15136,10594081.0,960993.09587,0
1788685200000000,0.09068,0.0912,0.08825,0.09026,102026966.0,1788688799999999,9178630.61549,53498,52082825.0,4683225.5613,0
1788688800000000,0.09026,0.09039,0.08956,0.09009,31184473.0,1788692399999999,2806655.76958,22554,14786108.0,1330717.09697,0
1788692400000000,0.09008,0.09021,0.08979,0.09012,38838685.0,1788695999999999,3497179.45425,18709,19043404.0,1714616.02648,0
1788696000000000,0.09011,0.09013,0.08965,0.08967,29275332.0,1788699599999999,2632706.32983,17341,14967770.0,1346024.17584,0
1788699600000000,0.08967,0.09,0.0892,0.08973,44088117.0,1788703199999999,3949410.45447,25510,22186837.0,1987245.56162,0
1788703200000000,0.08973,0.08974,0.0877,0.08857,95174387.0,1788706799999999,8435287.16379,58201,40644034.0,3603724.18122,0
1788706800000000,0.08856,0.08907,0.0879,0.08897,34736057.0,1788710399999999,3077013.9865,28312,16894887.0,1496177.63515,0
1788710400000000,0.08896,0.08942,0.08869,0.0893,28726487.0,1788713999999999,2557840.21625,18390,15992950.0,1424141.12895,0
1788714000000000,0.0893,0.08946,0.08893,0.08918,25444443.0,1788717599999999,2269379.991,16407,14255427.0,1271469.35758,0
1788717600000000,0.08918,0.08961,0.08913,0.08946,15881320.0,1788721199999999,1419920.90163,12300,10094107.0,902564.51427,0
1788721200000000,0.08946,0.08958,0.08935,0.08957,12421228.0,1788724799999999,1111377.07967,9668,5784676.0,517596.975,0
1788724800000000,0.08957,0.09041,0.08947,0.09027,26641148.0,1788728399999999,2398565.66721,15924,14546133.0,1309752.9888,0
1788728400000000,0.09028,0.09079,0.09013,0.09048,21240892.0,1788731999999999,1920965.87235,19003,12762605.0,1154103.90492,0
1788732000000000,0.09048,0.09049,0.08963,0.09028,28963617.0,1788735599999999,2612283.0798,25539,13740941.0,1239518.51335,0
1788735600000000,0.09028,0.09108,0.09021,0.09092,25796329.0,1788739199999999,2340923.32858,22280,14210670.0,1290045.51996,0
1788739200000000,0.09092,0.09123,0.0907,0.09098,26753401.0,1788742799999999,2434047.12043,24887,12213000.0,1111116.69983,0
1788742800000000,0.09099,0.09113,0.08971,0.09014,57364690.0,1788746399999999,5175896.27677,39505,25763612.0,2324065.6806,0
1788746400000000,0.09014,0.09142,0.08978,0.09014,41889078.0,1788749999999999,3795603.9903,37912,21418218.0,1941498.02694,0
1788750000000000,0.09013,0.09038,0.0892,0.08935,28062460.0,1788753599999999,2515356.4584,31487,10958854.0,982314.01581,0
1788753600000000,0.08936,0.08982,0.08933,0.08975,29305153.0,1788757199999999,2625877.3529,19242,15082224.0,1351438.72143,0
1788757200000000,0.08975,0.09065,0.08973,0.09015,25119813.0,1788760799999999,2265195.17741,23613,12867472.0,1160382.94441,0
1788760800000000,0.09016,0.09061,0.08979,0.08984,21027005.0,1788764399999999,1895149.41802,18480,11487609.0,1035164.59142,0
1788764400000000,0.08983,0.09007,0.08855,0.08941,58445262.0,1788767999999999,5226197.79983,39909,28639463.0,2562368.25827,0
1788768000000000,0.08942,0.09006,0.08936,0.08957,33196726.0,1788771599999999,2977756.93148,24071,17332406.0,1554633.23865,0
1788771600000000,0.08958,0.0901,0.08918,0.08926,23873352.0,1788775199999999,2140411.52967,21000,11702562.0,1049171.72884,0
1788775200000000,0.08926,0.08982,0.08923,0.08957,26164420.0,1788778799999999,2343531.26795,16608,10683055.0,956626.13765,0
1788778800000000,0.08958,0.08984,0.08941,0.08981,18998461.0,1788782399999999,1703123.73225,15370,10274333.0,921084.20182,0
1788782400000000,0.0898,0.09148,0.08975,0.09135,46285498.0,1788785999999999,4201767.84932,35401,25983727.0,2358256.04136,0
1788786000000000,0.09135,0.09188,0.09042,0.09093,54778117.0,1788789599999999,4998284.50628,47964,26316205.0,2401852.55489,0
1788789600000000,0.09093,0.09103,0.08978,0.09063,57869649.0,1788793199999999,5223264.80918,59364,28314446.0,2555494.82183,0
1788793200000000,0.09063,0.09067,0.08866,0.08899,58996049.0,1788796799999999,5282850.2684,56549,21825660.0,1952987.41495,0
1788796800000000,0.08899,0.09029,0.08898,0.09012,41048917.0,1788800399999999,3672301.20415,30847,29537819.0,2640677.07021,0
1788800400000000,0.09012,0.09044,0.09001,0.09009,18835287.0,1788803999999999,1700014.62002,20778,9322282.0,841289.20946,0
1788804000000000,0.0901,0.09018,0.08958,0.08989,17122212.0,1788807599999999,1538816.22969,18137,10145805.0,911742.98344,0
1788807600000000,0.08988,0.09074,0.08972,0.09056,16707758.0,1788811199999999,1507517.71715,17015,10170657.0,917670.62469,0
1788811200000000,0.09056,0.091,0.09005,0.09058,24543420.0,1788814799999999,2223177.30586,23145,11622640.0,1052679.04249,0
1788814800000000,0.09059,0.09073,0.09026,0.09037,15479663.0,1788818399999999,1401247.83812,17321,8431779.0,763096.94289,0
1788818400000000,0.09037,0.09077,0.08967,0.09013,29142138.0,1788821999999999,2628931.01431,33191,13680122.0,1233947.62538,0
1788822000000000,0.09012,0.09089,0.09009,0.09051,23189290.0,1788825599999999,2100557.4926,24331,11902846.0,1078043.40356,0
1788825600000000,0.09051,0.0917,0.09032,0.09136,60442313.0,1788829199999999,5503673.18025,50547,34916940.0,3178581.26633,0
1788829200000000,0.09135,0.0917,0.091,0.09123,36461158.0,1788832799999999,3326828.80487,27618,19480774.0,1777715.50197,0
1788832800000000,0.09124,0.09152,0.08997,0.08998,29787221.0,1788836399999999,2706662.30124,25821,12784690.0,1161789.82598,0
1788836400000000,0.08997,0.09028,0.08956,0.08997,30517564.0,1788839999999999,2746000.70833,30907,16133726.0,1451713.11209,0
1788840000000000,0.08997,0.09006,0.08956,0.08966,24849115.0,1788843599999999,2231813.78547,20536,13261850.0,1191145.06689,0
1788843600000000,0.08966,0.09034,0.08937,0.08961,54422401.0,1788847199999999,4891054.35787,37824,30619891.0,2751541.21296,0
1788847200000000,0.08961,0.08981,0.08891,0.08927,49062465.0,1788850799999999,4383379.35318,41230,24161758.0,2159062.79411,0
1788850800000000,0.08927,0.08984,0.08896,0.0893,25817306.0,1788854399999999,2309368.79105,22401,13075194.0,1169114.13357,0
1788854400000000,0.0893,0.08962,0.08883,0.0893,50487403.0,1788857999999999,4503103.57327,26714,36297888.0,3237687.03542,0
1788858000000000,0.0893,0.09079,0.089,0.0904,46841492.0,1788861599999999,4216757.94908,35722,25656639.0,2308379.7702,0
1788861600000000,0.09041,0.09097,0.09012,0.09012,31611749.0,1788865199999999,2862125.85801,23550,14412436.0,1304845.23173,0
1788865200000000,0.09013,0.0902,0.08924,0.08955,33590653.0,1788868799999999,3009516.48387,29553,16327670.0,1463176.86202,0
1788868800000000,0.08956,0.08957,0.08855,0.08932,44805589.0,1788872399999999,3992227.21844,29481,19296998.0,1719440.66578,0
1788872400000000,0.08932,0.08949,0.088,0.0891,46521304.0,1788875999999999,4126666.90976,57484,21670095.0,1922869.54149,0
1788876000000000,0.0891,0.08983,0.08897,0.08972,42868517.0,1788879599999999,3837511.87195,45330,24688298.0,2210562.34171,0
1788879600000000,0.08971,0.09086,0.08962,0.09065,57664147.0,1788883199999999,5211085.54336,45607,30047490.0,2715594.48913,0
1788883200000000,0.09065,0.09087,0.08983,0.09063,52701941.0,1788886799999999,4764912.09795,38420,29620124.0,2678324.34683,0
1788886800000000,0.09064,0.09084,0.08987,0.09005,32188263.0,1788890399999999,2908019.46992,28066,16005584.0,1445742.10377,0
1788890400000000,0.09004,0.09079,0.08922,0.08954,31089184.0,1788893999999999,2801918.18059,31879,15503224.0,1397499.91772,0
1788894000000000,0.08953,0.09008,0.08932,0.08958,32540291.0,1788897599999999,2919630.49736,30928,16395282.0,1470482.22505,0
1788897600000000,0.08957,0.09045,0.08948,0.08965,21043456.0,1788901199999999,1892700.01391,25061,10757693.0,967551.56488,0
1788901200000000,0.08966,0.09006,0.08927,0.08956,15563971.0,1788904799999999,1396809.36547,16698,7975273.0,715360.96217,0
1788904800000000,0.08956,0.09011,0.08953,0.09002,15180649.0,1788908399999999,1364927.23536,16738,7903980.0,710529.03772,0
1788908400000000,0.09003,0.09014,0.08984,0.09005,21256483.0,1788911999999999,1913451.51379,13323,10803104.0,972368.70534,0
1788912000000000,0.09004,0.09095,0.09002,0.09054,38546468.0,1788915599999999,3491905.80293,27762,19401269.0,1757164.84119,0
1788915600000000,0.09055,0.09068,0.08988,0.09028,27052123.0,1788919199999999,2442565.8738,23964,14443745.0,1304024.36613,0
1788919200000000,0.09027,0.09047,0.08967,0.08994,25976623.0,1788922799999999,2339206.21713,20641,13089735.0,1178358.89073,0
1788922800000000,0.08993,0.08996,0.0894,0.0896,19397102.0,1788926399999999,1738315.81591,17264,10961889.0,982341.54184,0
1788926400000000,0.0896,0.09083,0.0896,0.09062,29432466.0,1788929999999999,2659846.00847,27778,13695664.0,1237754.27072,0
1788930000000000,0.09063,0.09077,0.08987,0.0901,29273485.0,1788933599999999,2643148.36162,19446,12618932.0,1139273.98249,0
1788933600000000,0.09011,0.0907,0.09,0.09045,14867839.0,1788937199999999,1342565.88591,13280,7440337.0,671582.63114,0
1788937200000000,0.09046,0.09097,0.09042,0.09089,21873265.0,1788940799999999,1984974.17548,16039,9752234.0,884878.59706,0
1788940800000000,0.0909,0.09149,0.09079,0.09143,33418144.0,1788944399999999,3045573.31014,21797,19069138.0,1737739.54973,0
1788944400000000,0.09144,0.09146,0.09007,0.09011,27123578.0,1788947999999999,2459546.16032,21600,11960779.0,1084822.12768,0
1788948000000000,0.09011,0.09083,0.0901,0.09076,29070827.0,1788951599999999,2632014.57989,24612,12460865.0,1128343.32009,0
1788951600000000,0.09077,0.09096,0.09016,0.09086,24194981.0,1788955199999999,2190494.64371,24798,11926174.0,1079487.16152,0
1788955200000000,0.09085,0.09159,0.09069,0.09134,37312732.0,1788958799999999,3402917.65393,24541,20777846.0,1894831.54434,0
1788958800000000,0.09135,0.09139,0.09017,0.09034,34494666.0,1788962399999999,3133317.80663,38549,15991460.0,1452328.65901,0
1788962400000000,0.09034,0.09064,0.08968,0.08982,57273529.0,1788965999999999,5159128.69694,52543,24348113.0,2193293.9362,0
1788966000000000,0.08982,0.09039,0.08811,0.08893,97723427.0,1788969599999999,8697876.08109,96844,48415687.0,4310027.7324,0
1788969600000000,0.08893,0.0894,0.08854,0.08916,36727515.0,1788973199999999,3267576.23325,26365,19921477.0,1772289.45404,0
1788973200000000,0.08916,0.0894,0.08887,0.08909,19558424.0,1788976799999999,1743687.00628,19996,9729041.0,867243.87639,0
1788976800000000,0.0891,0.08915,0.08856,0.08858,15755907.0,1788980399999999,1400262.60533,17624,6833317.0,607428.13133,0
1788980400000000,0.08858,0.08873,0.08653,0.08703,65346092.0,1788983999999999,5725912.80348,44821,31421734.0,2754169.17307,0
1788984000000000,0.08703,0.08713,0.08591,0.08703,57865322.0,1788987599999999,5015049.90541,44263,26809862.0,2323604.3868,0
1788987600000000,0.08704,0.08707,0.08613,0.08649,23116492.0,1788991199999999,2003485.72921,26190,10365112.0,898348.50423,0
1788991200000000,0.0865,0.08659,0.08481,0.08556,77127295.0,1788994799999999,6604909.56997,64739,31547947.0,2702690.32868,0
1788994800000000,0.08556,0.08627,0.08555,0.08616,19778248.0,1788998399999999,1700269.72956,19645,10093681.0,867811.75222,0
1788998400000000,0.08617,0.08623,0.08554,0.08561,39181450.0,1789001999999999,3364137.21792,28993,17789237.0,1527053.64957,0
1789002000000000,0.08562,0.08628,0.08513,0.08553,39167573.0,1789005599999999,3355882.39352,36054,19426721.0,1665104.3369,0
1789005600000000,0.08553,0.08605,0.08531,0.08602,19997247.0,1789009199999999,1712597.22368,21181,9641679.0,825959.60224,0
1789009200000000,0.08602,0.08623,0.08581,0.08598,30909439.0,1789012799999999,2658526.68522,17684,16926344.0,1455780.80025,0
1789012800000000,0.08599,0.08615,0.08572,0.08575,22902946.0,1789016399999999,1967661.96491,13604,10101381.0,867877.39609,0
1789016400000000,0.08576,0.0862,0.08548,0.08606,27892796.0,1789019999999999,2394487.81997,16996,14953090.0,1283493.50585,0
1789020000000000,0.08606,0.08607,0.08543,0.08579,20154307.0,1789023599999999,1726837.41087,16126,8167875.0,699865.04326,0
1789023600000000,0.08578,0.08579,0.08481,0.08535,28167524.0,1789027199999999,2401475.55403,20031,11899369.0,1014577.54414,0
1789027200000000,0.08535,0.08554,0.08521,0.08528,33068866.0,1789030799999999,2822395.00225,18686,19365531.0,1652754.66767,0
1789030800000000,0.08529,0.08537,0.0848,0.08496,34640676.0,1789034399999999,2949468.28947,14963,20572631.0,1752553.78225,0
1789034400000000,0.08496,0.08544,0.08491,0.08504,28007202.0,1789037999999999,2385640.5973,16903,13867544.0,1181400.03883,0
1789038000000000,0.08504,0.08553,0.0848,0.08512,22941396.0,1789041599999999,1956092.16222,20340,11483344.0,979142.35437,0
1789041600000000,0.08512,0.08547,0.08229,0.08376,108051722.0,1789045199999999,9071510.01026,89040,47880169.0,4018078.41402,0
1789045200000000,0.08375,0.0842,0.08321,0.08399,80144495.0,1789048799999999,6709426.49499,64249,37032325.0,3100198.76206,0
1789048800000000,0.084,0.08429,0.08342,0.08382,34211933.0,1789052399999999,2868818.20153,34740,14115175.0,1183575.2004,0
1789052400000000,0.08381,0.08385,0.08329,0.08373,34035183.0,1789055999999999,2844476.81098,25247,17026071.0,1422880.47225,0
1789056000000000,0.08372,0.08382,0.0827,0.08354,40757634.0,1789059599999999,3392411.17118,36447,17125073.0,1425790.3471,0
1789059600000000,0.08355,0.08421,0.0834,0.08388,33468992.0,1789063199999999,2806315.22034,24661,14980434.0,1256257.4434,0
1789063200000000,0.08388,0.08403,0.08328,0.08401,14911503.0,1789066799999999,1246341.49032,17623,6282093.0,524988.60024,0
1789066800000000,0.084,0.08432,0.0838,0.08393,26833726.0,1789070399999999,2254325.05169,18088,12363679.0,1038398.82926,0
1789070400000000,0.08393,0.08435,0.08387,0.08418,10894693.0,1789073999999999,917326.38099,10082,6429184.0,541310.53382,0
1789074000000000,0.08418,0.0843,0.08396,0.08408,21408249.0,1789077599999999,1800589.5568,10530,12561771.0,1056620.85639,0
1789077600000000,0.08409,0.08428,0.0835,0.08354,13438018.0,1789081199999999,1127483.79092,13919,4679446.0,392992.71097,0
1789081200000000,0.08355,0.08361,0.08284,0.08291,33268098.0,1789084799999999,2765719.56642,29612,13260596.0,1102641.65617,0
1789084800000000,0.08291,0.08356,0.08285,0.08346,20604620.0,1789088399999999,1716852.69336,23320,11001391.0,916552.11578,0
1789088400000000,0.08345,0.08366,0.08298,0.08355,37040348.0,1789091999999999,3086120.80906,32488,12498501.0,1041494.14173,0
1789092000000000,0.08355,0.08363,0.08317,0.08349,13213571.0,1789095599999999,1102460.40685,17422,6332146.0,528339.51966,0
1789095600000000,0.08349,0.08378,0.08328,0.08375,20787298.0,1789099199999999,1736010.25877,17427,12241269.0,1022428.91554,0
1789099200000000,0.08375,0.08422,0.08368,0.08408,19347735.0,1789102799999999,1624252.71983,13213,10061940.0,844720.88393,0
1789102800000000,0.08409,0.08415,0.08389,0.08412,13652979.0,1789106399999999,1147273.78289,9249,7124922.0,598716.11432,0
1789106400000000,0.08411,0.08419,0.08384,0.084,16072778.0,1789109999999999,1350991.56023,9121,6829317.0,574133.55497,0
1789110000000000,0.084,0.08419,0.08376,0.0838,12535861.0,1789113599999999,1052659.15087,7658,5653838.0,474819.07455,0
1789113600000000,0.0838,0.08423,0.08371,0.08404,8989122.0,1789117199999999,755003.79597,8957,5300482.0,445242.48859,0
1789117200000000,0.08404,0.08408,0.08337,0.08368,12548753.0,1789120799999999,1051669.42127,10573,5968307.0,500107.6356,0
1789120800000000,0.08368,0.0839,0.08338,0.08338,15333314.0,1789124399999999,1282652.17409,12935,7158647.0,598750.61875,0
1789124400000000,0.08338,0.08371,0.08291,0.08369,17115705.0,1789127999999999,1425107.94755,17756,7651817.0,637058.19678,0
1789128000000000,0.08369,0.08548,0.0823,0.08517,121417560.0,1789131599999999,10202126.53912,110147,62894581.0,5287890.44586,0
1789131600000000,0.08518,0.08752,0.08429,0.08743,82502553.0,1789135199999999,7076955.63553,90913,45739544.0,3927819.64996,0
1789135200000000,0.08742,0.0883,0.08602,0.0865,97550468.0,1789138799999999,8481466.99473,109852,48997697.0,4259100.87541,0
1789138800000000,0.08651,0.08687,0.08442,0.08499,63468300.0,1789142399999999,5449435.32231,67210,30734969.0,2643638.24131,0
1789142400000000,0.08498,0.08588,0.08473,0.08584,33310619.0,1789145999999999,2845123.87394,48559,17085830.0,1459628.11425,0
1789146000000000,0.08584,0.08595,0.08486,0.08497,16660778.0,1789149599999999,1423518.0203,21141,7594986.0,648929.48476,0
1789149600000000,0.08496,0.08504,0.08361,0.08409,40400228.0,1789153199999999,3404565.59917,46917,18645121.0,1571680.32609,0
1789153200000000,0.08409,0.08458,0.08372,0.08449,23581167.0,1789156799999999,1986202.52371,23213,11023957.0,928220.02542,0
1789156800000000,0.08449,0.08475,0.08406,0.08438,23726001.0,1789160399999999,2003118.99881,18940,13063713.0,1102300.24943,0
1789160400000000,0.08438,0.08471,0.08385,0.08398,12063810.0,1789163999999999,1017834.99632,13244,6573463.0,554977.45741,0
1789164000000000,0.08399,0.08431,0.08357,0.08381,35619863.0,1789167599999999,2990230.73422,24077,19363550.0,1624871.42994,0
1789167600000000,0.08381,0.08435,0.08377,0.0843,8445621.0,1789171199999999,710515.60847,8596,4458819.0,375152.08117,0
1789171200000000,0.08431,0.08442,0.08409,0.0842,17544497.0,1789174799999999,1478145.02951,7972,5811851.0,489834.30859,0
1789174800000000,0.0842,0.08459,0.08413,0.08442,10928849.0,1789178399999999,922576.40969,8154,6000884.0,506443.66558,0
1789178400000000,0.08441,0.08461,0.08433,0.08449,13702592.0,1789181999999999,1157649.92314,8498,8154989.0,688981.22398,0
1789182000000000,0.08448,0.08461,0.08435,0.08445,10118566.0,1789185599999999,854633.13865,7870,5083132.0,429341.12561,0
1789185600000000,0.08445,0.08456,0.08426,0.08438,8538408.0,1789189199999999,720764.99615,5830,3944185.0,332950.4301,0
1789189200000000,0.08437,0.08452,0.08424,0.08442,9515972.0,1789192799999999,802911.75709,6966,4732975.0,399310.08717,0
1789192800000000,0.08442,0.08458,0.08433,0.08442,11145991.0,1789196399999999,941253.71564,6831,5709759.0,482149.62852,0
1789196400000000,0.08443,0.08483,0.0844,0.08477,8843489.0,1789199999999999,749023.74647,5937,4820416.0,408324.01293,0
1789200000000000,0.08477,0.0849,0.08463,0.08479,10418239.0,1789203599999999,883292.4751,8512,6506588.0,551667.92736,0
1789203600000000,0.0848,0.08499,0.08475,0.08495,13422300.0,1789207199999999,1139462.6198,8620,7058824.0,599194.34294,0
1789207200000000,0.08496,0.08517,0.08485,0.08501,11418575.0,1789210799999999,971004.48913,7649,5349072.0,454950.77194,0
1789210800000000,0.085,0.08513,0.08492,0.08505,9410699.0,1789214399999999,800271.92076,5535,2929144.0,249118.49821,0
1789214400000000,0.08506,0.08518,0.08494,0.08505,13134627.0,1789217999999999,1117099.68893,7999,5860943.0,498532.93942,0
1789218000000000,0.08504,0.08511,0.0848,0.08498,17473493.0,1789221599999999,1484077.49524,11758,7096600.0,602787.38166,0
1789221600000000,0.08497,0.08522,0.08496,0.08515,8606598.0,1789225199999999,732516.5516,6124,4150044.0,353193.219,0
1789225200000000,0.08515,0.08538,0.08498,0.0851,24781352.0,1789228799999999,2110914.92954,13060,11915321.0,1014849.81603,0
1789228800000000,0.0851,0.08517,0.08496,0.08504,9188401.0,1789232399999999,781483.87158,6889,3433641.0,292015.31538,0
1789232400000000,0.08504,0.08511,0.08482,0.08499,8237810.0,1789235999999999,700197.78136,6900,2878363.0,244686.50699,0
1789236000000000,0.08499,0.08499,0.08468,0.08474,11333365.0,1789239599999999,961588.45596,7790,5182615.0,439681.08464,0
1789239600000000,0.08475,0.0849,0.0846,0.0848,10060907.0,1789243199999999,852839.9495,7654,4517122.0,382919.47392,0
1789243200000000,0.0848,0.08499,0.08474,0.08478,7134081.0,1789246799999999,605632.53392,4786,2579070.0,218944.49304,0
1789246800000000,0.08477,0.08497,0.08463,0.08464,7206291.0,1789250399999999,611330.54824,6096,3299985.0,279921.78904,0
1789250400000000,0.08465,0.0849,0.08458,0.08467,13922640.0,1789253999999999,1179241.70288,9401,7043709.0,596564.56444,0
1789254000000000,0.08466,0.0849,0.08465,0.08483,3999527.0,1789257599999999,339010.20316,3799,1258718.0,106694.24913,0
1789257600000000,0.08482,0.0849,0.08469,0.08485,2950864.0,1789261199999999,250216.00436,3907,1155493.0,97979.93188,0
1789261200000000,0.08485,0.08507,0.08479,0.08498,13280604.0,1789264799999999,1127671.77109,8227,7147251.0,606902.16764,0
1789264800000000,0.08499,0.08521,0.08482,0.08494,14176070.0,1789268399999999,1205105.76433,8046,6878476.0,584756.61348,0
1789268400000000,0.08495,0.08515,0.08464,0.08471,21454547.0,1789271999999999,1821009.70233,11358,9804090.0,832509.31607,0
1789272000000000,0.08472,0.08487,0.08461,0.08471,9461927.0,1789275599999999,801752.12742,5622,3335395.0,282632.3179,0
1789275600000000,0.08472,0.08495,0.0847,0.08485,3856893.0,1789279199999999,327175.965,3830,2139831.0,181512.55308,0
1789279200000000,0.08485,0.08487,0.08431,0.08443,10629423.0,1789282799999999,899456.8085,7816,5407364.0,457807.99341,0
1789282800000000,0.08444,0.0846,0.08414,0.08416,11906290.0,1789286399999999,1004649.4932,8353,5221188.0,440584.92437,0
1789286400000000,0.08416,0.08429,0.08327,0.08356,25180481.0,1789289999999999,2108613.63087,21991,11238837.0,941572.70207,0
1789290000000000,0.08355,0.08372,0.08313,0.08356,13617201.0,1789293599999999,1137016.15338,16183,7369091.0,615436.86755,0
1789293600000000,0.08356,0.08364,0.08321,0.08332,8805034.0,1789297199999999,734601.68811,7906,4985706.0,415801.35255,0
1789297200000000,0.08332,0.08362,0.08325,0.08355,5528216.0,1789300799999999,461521.80884,8238,3015474.0,251749.91494,0
1789300800000000,0.08355,0.08361,0.08327,0.08345,10513683.0,1789304399999999,877218.55704,7430,4181427.0,348936.04124,0
1789304400000000,0.08344,0.08352,0.08286,0.08343,15412560.0,1789307999999999,1281602.47378,13142,7470623.0,621463.30745,0
1789308000000000,0.08343,0.08393,0.08342,0.08378,22663056.0,1789311599999999,1897944.20297,15712,11885334.0,995212.66883,0
1789311600000000,0.08378,0.08381,0.08346,0.0835,9574180.0,1789315199999999,800339.624,9049,4115356.0,343971.72125,0
1789315200000000,0.08349,0.08399,0.08349,0.08397,10947406.0,1789318799999999,917216.3939,11925,5637234.0,472346.69764,0
1789318800000000,0.08398,0.08466,0.08398,0.08444,17734506.0,1789322399999999,1497698.12486,16404,8211839.0,693401.09922,0
1789322400000000,0.08444,0.08459,0.08432,0.08451,4759263.0,1789325999999999,402040.5456,6199,2345953.0,198162.75695,0
1789326000000000,0.08452,0.0846,0.0841,0.08417,11232719.0,1789329599999999,947819.74535,7085,5491953.0,463987.57169,0
1789329600000000,0.08417,0.08454,0.08417,0.08446,5396298.0,1789333199999999,454909.44041,6087,2826054.0,238267.58777,0
1789333200000000,0.08446,0.08448,0.084,0.08403,5551100.0,1789336799999999,467387.20919,6119,2505436.0,210937.2644,0
1789336800000000,0.08402,0.08402,0.08209,0.08229,55358040.0,1789340399999999,4582474.83012,61243,21686078.0,1794162.86355,0
1789340400000000,0.08228,0.08275,0.08214,0.0824,27267940.0,1789343999999999,2248713.94503,23984,12976029.0,1069957.61046,0
1789344000000000,0.0824,0.08287,0.08191,0.08267,29300207.0,1789347599999999,2415953.84296,30502,12713626.0,1049120.90453,0
1789347600000000,0.08266,0.08315,0.08234,0.08311,21835981.0,1789351199999999,1805352.77928,20481,12374910.0,1022856.82426,0
1789351200000000,0.08311,0.08423,0.08304,0.08407,35058915.0,1789354799999999,2937011.53323,26137,16775836.0,1405057.8293,0
1789354800000000,0.08406,0.08431,0.08376,0.08391,14460769.0,1789358399999999,1215115.27505,12996,6033020.0,506885.80298,0
1789358400000000,0.08391,0.0842,0.08384,0.08405,16062841.0,1789361999999999,1349603.14008,11544,8161280.0,685571.53893,0
1789362000000000,0.08404,0.08431,0.08398,0.08426,21625118.0,1789365599999999,1820133.96653,9116,11398987.0,959419.48075,0
1789365600000000,0.08426,0.0846,0.08409,0.0843,22322778.0,1789369199999999,1883332.49596,13990,10336168.0,872147.56373,0
1789369200000000,0.08431,0.08445,0.08417,0.08437,10885449.0,1789372799999999,917933.36744,9503,5985511.0,504747.73767,0
1789372800000000,0.08437,0.08459,0.08406,0.08416,22472816.0,1789376399999999,1894029.813,14948,12455920.0,1049460.15927,0
1789376400000000,0.08416,0.08486,0.08381,0.08444,34508009.0,1789379999999999,2907575.95502,23832,17211259.0,1450332.70827,0
1789380000000000,0.08444,0.08456,0.08423,0.08438,17100603.0,1789383599999999,1443459.18646,12260,7483245.0,631653.27593,0
1789383600000000,0.08438,0.08448,0.08402,0.08412,15780746.0,1789387199999999,1329368.56066,11051,7798731.0,657151.53264,0
1789387200000000,0.08413,0.08444,0.08355,0.08371,19436712.0,1789390799999999,1633189.19646,18734,9593078.0,806130.81987,0
1789390800000000,0.08371,0.08437,0.08313,0.08371,36074998.0,1789394399999999,3020219.97632,46017,17708632.0,1483253.57812,0
1789394400000000,0.08371,0.08429,0.08362,0.08382,30366242.0,1789397999999999,2550026.61109,32506,15643573.0,1313614.14083,0
1789398000000000,0.08382,0.08434,0.08357,0.08405,32413286.0,1789401599999999,2722545.46026,30190,18191452.0,1527716.54638,0
1789401600000000,0.08405,0.08475,0.0839,0.08447,20871079.0,1789405199999999,1761275.35662,23530,11734609.0,990195.62138,0
1789405200000000,0.08447,0.08497,0.08437,0.08481,21873545.0,1789408799999999,1852897.25609,18043,11044870.0,935467.33625,0
1789408800000000,0.08482,0.08534,0.08466,0.08504,34118153.0,1789412399999999,2900556.72495,26196,17589939.0,1494969.62579,0
1789412400000000,0.08504,0.08505,0.08459,0.08472,22590188.0,1789415999999999,1916355.25123,17246,10443756.0,885927.51655,0
1789416000000000,0.08472,0.08616,0.08471,0.08517,31612564.0,1789419599999999,2706581.90219,37273,15635398.0,1338409.33457,0
1789419600000000,0.08517,0.08518,0.08436,0.08437,24703909.0,1789423199999999,2093768.25368,27030,12822784.0,1086574.57738,0
1789423200000000,0.08438,0.08469,0.08398,0.08408,21168511.0,1789426799999999,1784305.40502,18968,9102927.0,767458.22248,0
1789426800000000,0.08408,0.08416,0.08359,0.08366,16234025.0,1789430399999999,1361336.31445,12863,9185439.0,770181.35712,0
1789430400000000,0.08365,0.0839,0.08355,0.08373,11938312.0,1789433999999999,999356.44347,10803,5946679.0,497747.16005,0
1789434000000000,0.08373,0.08399,0.08352,0.08379,9469195.0,1789437599999999,793157.94724,11475,4902097.0,410602.58218,0
1789437600000000,0.08378,0.08393,0.08372,0.0838,9063029.0,1789441199999999,759673.08833,8420,4698367.0,393839.42842,0
1789441200000000,0.0838,0.08381,0.08329,0.08331,26544371.0,1789444799999999,2218551.74733,14351,8967601.0,748765.34055,0
1789444800000000,0.08331,0.08343,0.08311,0.08318,16906655.0,1789448399999999,1407550.00558,11787,8274009.0,688852.84998,0
1789448400000000,0.08318,0.08336,0.08267,0.08319,30849226.0,1789451999999999,2558698.17533,19935,16188068.0,1342558.3478,0
1789452000000000,0.08318,0.0833,0.08247,0.08269,18064672.0,1789455599999999,1497736.00404,12240,8265097.0,685217.12198,0
1789455600000000,0.0827,0.08297,0.08243,0.08254,22507756.0,1789459199999999,1861055.3278,13511,9130196.0,754997.96789,0
1789459200000000,0.08254,0.08267,0.08231,0.08266,20765748.0,1789462799999999,1712657.03838,14480,9304118.0,767248.62551,0
1789462800000000,0.08265,0.08288,0.08254,0.08264,17596531.0,1789466399999999,1454778.69682,10079,7633546.0,631200.82485,0
1789466400000000,0.08264,0.08286,0.08253,0.08278,17561614.0,1789469999999999,1452362.88109,10215,8280602.0,684921.0401,0
1789470000000000,0.08279,0.08292,0.08228,0.08251,20127700.0,1789473599999999,1662705.85163,12652,8586016.0,708759.48321,0
1789473600000000,0.08251,0.08305,0.08247,0.08283,19951408.0,1789477199999999,1650059.22258,13853,9353458.0,773553.68731,0
1789477200000000,0.08283,0.08341,0.082,0.08283,32031054.0,1789480799999999,2649614.48457,37854,14764790.0,1222519.96698,0
1789480800000000,0.08283,0.08296,0.08053,0.08129,111872885.0,1789484399999999,9119141.70613,51539,58069284.0,4736620.24289,0
1789484400000000,0.08128,0.08217,0.08112,0.08169,39618472.0,1789487999999999,3238270.86547,25753,20173211.0,1648668.20461,0
1789488000000000,0.08168,0.08184,0.0813,0.08162,20119066.0,1789491599999999,1641077.18021,14217,8700099.0,709598.31736,0
1789491600000000,0.08161,0.08256,0.08122,0.0821,24171645.0,1789495199999999,1982785.0506,22024,14295537.0,1173320.62284,0
1789495200000000,0.0821,0.08246,0.07841,0.08082,196046129.0,1789498799999999,15733143.9579,153497,86249737.0,6922486.18406,0
1789498800000000,0.08082,0.08124,0.08046,0.0809,56088787.0,1789502399999999,4535148.35972,53376,27444311.0,2218807.18593,0
1789502400000000,0.08089,0.08103,0.07983,0.0805,31110146.0,1789505999999999,2497708.66075,25908,11976962.0,961512.59186,0
1789506000000000,0.0805,0.08051,0.07946,0.07958,25774489.0,1789509599999999,2063269.02627,19392,13432464.0,1075600.25799,0
1789509600000000,0.07958,0.08033,0.07939,0.08022,30900706.0,1789513199999999,2468577.26416,21268,13668728.0,1091287.49847,0
1789513200000000,0.08022,0.08066,0.08002,0.08008,24459542.0,1789516799999999,1965106.00902,12793,11235908.0,902920.83409,0
1789516800000000,0.08009,0.08029,0.08,0.08011,15788303.0,1789520399999999,1265282.97334,10370,7651758.0,613163.94734,0
1789520400000000,0.08011,0.08029,0.07948,0.07949,20782925.0,1789523999999999,1661334.45553,13780,8707328.0,696046.58834,0
1789524000000000,0.07949,0.08042,0.07946,0.08009,20768501.0,1789527599999999,1659634.32388,12270,10099299.0,806929.49483,0
1789527600000000,0.08009,0.08044,0.07991,0.08003,20646324.0,1789531199999999,1654431.06164,10543,10168407.0,814720.5398,0
1789531200000000,0.08004,0.08077,0.08002,0.08027,26097821.0,1789534799999999,2098562.04906,13163,13162404.0,1058198.07911,0
1789534800000000,0.08027,0.08035,0.07992,0.08013,17470270.0,1789538399999999,1399639.22139,11987,8712969.0,698062.27616,0
1789538400000000,0.08014,0.08026,0.07992,0.08024,18198783.0,1789541999999999,1458029.92882,7557,11141795.0,892597.71822,0
1789542000000000,0.08023,0.08044,0.07962,0.07967,16310716.0,1789545599999999,1305043.39674,11524,7119183.0,569388.79732,0
1789545600000000,0.07967,0.07969,0.07916,0.07954,22781561.0,1789549199999999,1808078.07395,14125,10292333.0,816593.75179,0
1789549200000000,0.07953,0.07997,0.07953,0.07992,13648921.0,1789552799999999,1088472.01511,10151,6233449.0,497042.49064,0
1789552800000000,0.07991,0.08005,0.07972,0.08005,15320905.0,1789556399999999,1223924.4887,9401,8836714.0,705956.98772,0
1789556400000000,0.08005,0.08041,0.07988,0.08021,16856423.0,1789559999999999,1350634.44164,13152,8261402.0,662134.77782,0
1789560000000000,0.08022,0.08032,0.07927,0.07937,23969083.0,1789563599999999,1909623.59269,15189,10637762.0,847306.01785,0
1789563600000000,0.07936,0.07959,0.07887,0.07929,45320797.0,1789567199999999,3588445.83585,23193,27014013.0,2139029.57639,0
1789567200000000,0.07929,0.07932,0.07877,0.07904,34464111.0,1789570799999999,2725503.48185,24987,17575470.0,1389789.20238,0
1789570800000000,0.07904,0.0794,0.07877,0.07904,19869467.0,1789574399999999,1571327.68161,19665,9323788.0,737473.23205,0
1789574400000000,0.07904,0.07939,0.07891,0.0793,14912311.0,1789577999999999,1180366.60768,13350,6109525.0,483642.07043,0
1789578000000000,0.07929,0.0793,0.07831,0.0789,44858727.0,1789581599999999,3533200.69391,25256,20556896.0,1618955.30121,0
1789581600000000,0.07891,0.08062,0.07843,0.07958,107315658.0,1789585199999999,8538135.25419,110709,45776029.0,3643883.85098,0
1789585200000000,0.07959,0.0806,0.07907,0.08042,52762720.0,1789588799999999,4216387.18676,49392,24004063.0,1919171.32078,0
1789588800000000,0.08042,0.08084,0.08025,0.0807,30737029.0,1789592399999999,2476861.28429,20320,15655022.0,1261162.6023,0
1789592400000000,0.08071,0.08074,0.08024,0.08052,15017637.0,1789595999999999,1208290.2792,10084,5875911.0,472936.37451,0
1789596000000000,0.08054,0.08059,0.0798,0.07997,22347548.0,1789599599999999,1791337.70197,19273,9087579.0,728457.63023,0
1789599600000000,0.07997,0.08103,0.0799,0.08091,28988366.0,1789603199999999,2338295.35628,21210,14306051.0,1154042.82102,0
1789603200000000,0.08091,0.08111,0.08066,0.08066,25146063.0,1789606799999999,2034032.35778,15505,12059140.0,975481.05252,0
1789606800000000,0.08067,0.08136,0.08045,0.08104,28996721.0,1789610399999999,2350369.92687,17889,17761056.0,1440345.64775,0
1789610400000000,0.08105,0.08145,0.08056,0.08092,27913311.0,1789613999999999,2260603.89967,17139,15314351.0,1240790.7736,0
1789614000000000,0.08091,0.08134,0.08091,0.08117,17054787.0,1789617599999999,1384124.87467,9466,7554716.0,613057.93244,0
1789617600000000,0.08117,0.08118,0.08068,0.08108,21767518.0,1789621199999999,1761371.24571,11455,10056681.0,813725.224,0
1789621200000000,0.08108,0.08119,0.08077,0.08083,14639930.0,1789624799999999,1185207.91065,9301,6517450.0,527633.41499,0
1789624800000000,0.08083,0.08114,0.08078,0.08099,6670344.0,1789628399999999,540152.85621,6374,3159856.0,255870.6699,0
1789628400000000,0.08099,0.08137,0.08094,0.08119,23527412.0,1789631999999999,1910775.93328,12456,11401518.0,925965.05334,0
1789632000000000,0.08119,0.08171,0.08115,0.08157,23193644.0,1789635599999999,1888164.61461,11607,12445407.0,1012990.45552,0
1789635600000000,0.08158,0.08171,0.08099,0.08105,20032936.0,1789639199999999,1629316.63209,11415,10266539.0,834942.00801,0
1789639200000000,0.08104,0.08108,0.08063,0.08081,17096861.0,1789642799999999,1381919.04482,11910,8838857.0,714582.97171,0
1789642800000000,0.08081,0.08109,0.08059,0.081,17597046.0,1789646399999999,1422769.96935,12456,8208055.0,663616.59549,0
1789646400000000,0.081,0.08183,0.08091,0.08128,37233571.0,1789649999999999,3030290.3366,26635,17494740.0,1423993.8866,0
1789650000000000,0.08129,0.08151,0.08064,0.08148,24039159.0,1789653599999999,1950349.93006,23254,9638911.0,782425.79361,0
1789653600000000,0.08148,0.08255,0.08113,0.08166,51814799.0,1789657199999999,4249598.10383,35299,27832626.0,2282942.5968,0
1789657200000000,0.08167,0.08208,0.08113,0.082,19993559.0,1789660799999999,1630639.32645,17733,9564176.0,780536.08045,0
1789660800000000,0.08199,0.08212,0.08151,0.08212,23431030.0,1789664399999999,1917903.63265,17749,11040369.0,903775.65967,0
1789664400000000,0.08212,0.0823,0.08172,0.08177,17366389.0,1789667999999999,1424491.87564,12107,7520069.0,616778.79952,0
1789668000000000,0.08177,0.08181,0.08134,0.08145,14372427.0,1789671599999999,1172964.0065,9322,7189031.0,586826.4967,0
1789671600000000,0.08146,0.08188,0.0814,0.08169,10148900.0,1789675199999999,828317.71094,7637,4713691.0,384666.52546,0
1789675200000000,0.0817,0.08198,0.08164,0.08179,7789165.0,1789678799999999,637380.63275,5227,4178373.0,341880.12043,0
1789678800000000,0.0818,0.08191,0.08138,0.08142,9249534.0,1789682399999999,755540.60809,5441,4005889.0,327285.07645,0
1789682400000000,0.08142,0.08157,0.08117,0.08153,20076729.0,1789685999999999,1634256.87152,11143,10303396.0,838810.33834,0
1789686000000000,0.08153,0.08185,0.08144,0.08172,17179891.0,1789689599999999,1403550.14649,8143,8806863.0,719554.16142,0
1789689600000000,0.08172,0.08184,0.08138,0.08182,16143887.0,1789693199999999,1316709.0642,8247,6080307.0,496042.26137,0
1789693200000000,0.08182,0.08251,0.08179,0.08243,16519461.0,1789696799999999,1357525.43895,12175,9462599.0,777608.07003,0
1789696800000000,0.08242,0.08306,0.08226,0.08287,35885212.0,1789700399999999,2968205.56026,17769,19744242.0,1632851.70291,0
1789700400000000,0.08287,0.08454,0.08284,0.08451,81291441.0,1789703999999999,6822640.87188,31358,40424638.0,3391203.52971,0
1789704000000000,0.08451,0.08464,0.08377,0.08457,56083078.0,1789707599999999,4726411.75316,24594,28646717.0,2414351.70436,0
1789707600000000,0.08457,0.0847,0.08406,0.08417,40258770.0,1789711199999999,3396619.13998,20674,16872640.0,1423650.93762,0
1789711200000000,0.08416,0.0845,0.08411,0.08423,30805169.0,1789714799999999,2597369.89572,15336,14679819.0,1237724.95268,0
1789714800000000,0.08423,0.08459,0.08416,0.08446,44799584.0,1789718399999999,3782074.77848,21726,22256940.0,1879302.92996,0
1789718400000000,0.08447,0.08493,0.0842,0.08489,44167809.0,1789721999999999,3735941.13721,20562,21927058.0,1855356.26324,0
1789722000000000,0.08489,0.086,0.08482,0.08574,82042396.0,1789725599999999,7013096.34964,30671,46287444.0,3956553.35097,0
1789725600000000,0.08574,0.087,0.08572,0.08581,100819115.0,1789729199999999,8699657.90592,32322,59290479.0,5114927.74469,0
1789729200000000,0.0858,0.08585,0.08494,0.08535,58441732.0,1789732799999999,4985491.76489,29658,26889040.0,2295216.02757,0
1789732800000000,0.08535,0.08569,0.08507,0.08546,31934050.0,1789736399999999,2727633.27443,17531,14637891.0,1250224.4075,0
1789736400000000,0.08547,0.08778,0.08511,0.08729,94879376.0,1789739999999999,8216739.97354,51616,57721558.0,5002094.24679,0
1789740000000000,0.0873,0.08819,0.08681,0.08802,93997640.0,1789743599999999,8239118.61124,57942,47228841.0,4140516.60756,0
1789743600000000,0.08802,0.08815,0.08686,0.08751,77074641.0,1789747199999999,6745165.45164,41229,33217431.0,2906326.69529,0
1789747200000000,0.08751,0.08826,0.08732,0.08774,64966332.0,1789750799999999,5701736.50566,35327,31202505.0,2738393.75296,0
1789750800000000,0.08774,0.08775,0.0872,0.08766,57763144.0,1789754399999999,5055930.98039,26508,25014291.0,2189243.36437,0
1789754400000000,0.08765,0.08765,0.08719,0.08738,48457478.0,1789757999999999,4235310.95541,21373,19842512.0,1734082.09732,0
1789758000000000,0.08738,0.08819,0.08735,0.088,52632759.0,1789761599999999,4625798.48648,26543,22916791.0,2013843.30071,0
1789761600000000,0.088,0.08847,0.0877,0.08829,42252052.0,1789765199999999,3719498.80906,19624,19828580.0,1746043.63699,0
1789765200000000,0.08829,0.08852,0.08796,0.08822,38269951.0,1789768799999999,3376033.29864,16146,17618781.0,1553995.52074,0
1789768800000000,0.08823,0.0887,0.088,0.08813,31602328.0,1789772399999999,2792046.19114,18275,13594221.0,1201134.50725,0
1789772400000000,0.08814,0.08823,0.08739,0.08747,31902030.0,1789775999999999,2799955.34777,15554,12837200.0,1127044.95831,0
1789776000000000,0.08747,0.08845,0.08731,0.08792,41905035.0,1789779599999999,3683068.92374,20066,21676426.0,1904887.51095,0
1789779600000000,0.08793,0.08825,0.08705,0.08805,62665814.0,1789783199999999,5496237.27131,30095,32899656.0,2885913.86425,0
1789783200000000,0.08805,0.08892,0.088,0.08832,41179784.0,1789786799999999,3642033.915,22089,25090058.0,2218512.10947,0
1789786800000000,0.08832,0.08845,0.08776,0.08804,21439800.0,1789790399999999,1888353.80216,15103,9419382.0,829700.05281,0
1789790400000000,0.08804,0.0884,0.08716,0.08745,28615847.0,1789793999999999,2508960.02999,20523,10466922.0,918572.74834,0
1789794000000000,0.08744,0.08796,0.0874,0.08748,12178763.0,1789797599999999,1067826.03575,11697,5285954.0,463492.27861,0
1789797600000000,0.08747,0.08752,0.08676,0.08711,24026806.0,1789801199999999,2094392.78521,17307,9200095.0,801788.76194,0
1789801200000000,0.08711,0.08735,0.08649,0.0867,22460636.0,1789804799999999,1951073.0745,15245,9539507.0,828290.7031,0
1789804800000000,0.0867,0.08763,0.08651,0.0873,25273445.0,1789808399999999,2202534.49129,16467,13632510.0,1187904.58264,0
1789808400000000,0.08731,0.0875,0.08683,0.08727,17954835.0,1789811999999999,1565116.76716,13300,9385168.0,818029.29853,0
1789812000000000,0.08726,0.08807,0.08721,0.08765,25876442.0,1789815599999999,2271246.29134,15928,13116441.0,1151387.45375,0
1789815600000000,0.08766,0.08847,0.08766,0.08841,34035074.0,1789819199999999,3001506.33157,16007,17509100.0,1543713.0185,0
1789819200000000,0.08842,0.08905,0.088,0.089,39398750.0,1789822799999999,3486817.2557,21273,20619775.0,1825150.75647,0
1789822800000000,0.08899,0.08989,0.08845,0.08885,75766044.0,1789826399999999,6744836.48191,41222,40079044.0,3567841.43093,0
1789826400000000,0.08884,0.08987,0.08877,0.08899,51252503.0,1789829999999999,4577804.81705,29187,25568012.0,2283083.05451,0
1789830000000000,0.08899,0.0893,0.08845,0.08894,46358540.0,1789833599999999,4117988.52268,23319,22098301.0,1962333.65783,0
1789833600000000,0.08894,0.08973,0.08857,0.08966,40527225.0,1789837199999999,3618932.56318,25114,21984235.0,1962722.01264,0
1789837200000000,0.08966,0.09135,0.08951,0.08986,91303984.0,1789840799999999,8260879.83744,58012,43726767.0,3956570.13365,0
1789840800000000,0.08986,0.09047,0.08909,0.08972,42671637.0,1789844399999999,3828814.77784,35330,17828460.0,1599324.07183,0
1789844400000000,0.08973,0.09017,0.0891,0.08922,91138611.0,1789847999999999,8167704.35588,29969,24887845.0,2230014.31497,0
1789848000000000,0.08923,0.08939,0.08865,0.08899,41643413.0,1789851599999999,3706368.21436,23720,18711495.0,1664912.38475,0
1789851600000000,0.089,0.08911,0.08677,0.08738,61170404.0,1789855199999999,5370103.9437,36578,26522828.0,2327397.27407,0
1789855200000000,0.08738,0.08788,0.0867,0.08782,39734351.0,1789858799999999,3464891.3154,20628,23915276.0,2085648.95906,0
1789858800000000,0.08781,0.08814,0.08769,0.08772,29041174.0,1789862399999999,2552143.41904,11027,14379552.0,1263908.31475,0
1789862400000000,0.08773,0.08795,0.08743,0.08755,23061322.0,1789865999999999,2021279.48378,13592,10404079.0,911923.81422,0
1789866000000000,0.08756,0.08759,0.08675,0.08721,31211717.0,1789869599999999,2719443.54603,18839,11140596.0,970296.96259,0
1789869600000000,0.08722,0.08754,0.0852,0.08543,87376663.0,1789873199999999,7526079.85952,40173,35879577.0,3090203.73214,0
1789873200000000,0.08542,0.0861,0.085,0.08579,56019058.0,1789876799999999,4795728.18627,32487,25610319.0,2193171.4185,0
1789876800000000,0.08579,0.08581,0.08525,0.08547,26165350.0,1789880399999999,2236742.08049,17587,10175978.0,870266.96945,0
1789880400000000,0.08548,0.08565,0.0852,0.08541,21325552.0,1789883999999999,1820774.79527,14680,9904086.0,845610.35452,0
1789884000000000,0.0854,0.0856,0.08489,0.08506,31861914.0,1789887599999999,2714699.26278,17243,15087190.0,1285873.36566,0
1789887600000000,0.08506,0.08534,0.08486,0.08489,14661767.0,1789891199999999,1248259.21928,10252,6839384.0,582449.50281,0
1789891200000000,0.08488,0.08518,0.08449,0.08477,31241448.0,1789894799999999,2652417.34809,14329,19002212.0,1613653.87059,0
1789894800000000,0.08477,0.08544,0.08476,0.08496,25896480.0,1789898399999999,2205236.61345,12066,10445108.0,889653.0131,0
1789898400000000,0.08496,0.08506,0.08434,0.08468,24638855.0,1789901999999999,2086122.69927,15204,13607037.0,1151965.73469,0
1789902000000000,0.08468,0.08529,0.08463,0.08516,23821328.0,1789905599999999,2023031.56514,12486,12923364.0,1097336.58976,0
1789905600000000,0.08516,0.08545,0.0848,0.08515,27670812.0,1789909199999999,2355828.06972,15385,14366822.0,1223340.94928,0
1789909200000000,0.08514,0.08524,0.08475,0.08495,18810414.0,1789912799999999,1598787.51422,12504,10712449.0,910540.45734,0
1789912800000000,0.08494,0.0854,0.08478,0.08511,38140530.0,1789916399999999,3246612.3382,17477,20675848.0,1760449.95314,0
1789916400000000,0.08511,0.08586,0.08511,0.08582,45695071.0,1789919999999999,3908633.02949,24442,25303146.0,2164196.38733,0
1789920000000000,0.08583,0.08758,0.08561,0.08754,63168915.0,1789923599999999,5478623.81826,41088,32444642.0,2814868.33364,0
1789923600000000,0.08754,0.08786,0.0867,0.08702,54350328.0,1789927199999999,4744429.85237,37884,22857936.0,1994419.43008,0
1789927200000000,0.08701,0.0873,0.08648,0.08668,19643589.0,1789930799999999,1705940.51415,19315,7336879.0,637291.35801,0
1789930800000000,0.08668,0.08763,0.08658,0.08738,20499657.0,1789934399999999,1786185.08884,16168,11024230.0,960623.35357,0
1789934400000000,0.08737,0.08771,0.08723,0.08735,28305896.0,1789937999999999,2474423.26264,14749,12243914.0,1070447.88296,0
1789938000000000,0.08735,0.08737,0.08615,0.08693,36258232.0,1789941599999999,3141844.53112,30141,15535438.0,1345537.86952,0
1789941600000000,0.08693,0.08761,0.08668,0.08749,18944013.0,1789945199999999,1654425.12755,24383,10627690.0,928151.29883,0
1789945200000000,0.08748,0.08756,0.08709,0.0873,20253479.0,1789948799999999,1768857.91245,16638,10211456.0,891848.53748,0
1789948800000000,0.0873,0.08899,0.08727,0.08875,69805223.0,1789952399999999,6171462.5107,52906,40324764.0,3565165.40874,0
1789952400000000,0.08874,0.0898,0.08728,0.08749,95386708.0,1789955999999999,8452501.59556,72261,49289903.0,4369127.96337,0
1789956000000000,0.08749,0.08847,0.08722,0.08811,38661784.0,1789959599999999,3401611.9183,35194,18379932.0,1616892.63342,0
1789959600000000,0.0881,0.0888,0.08808,0.08849,24500331.0,1789963199999999,2169368.55642,23205,12568194.0,1112724.15741,0
1789963200000000,0.08849,0.08868,0.08782,0.08835,27646012.0,1789966799999999,2438879.32849,20944,14681351.0,1295384.62959,0
1789966800000000,0.08834,0.08911,0.08806,0.08836,28631525.0,1789970399999999,2536741.24563,20453,14431056.0,1278666.29591,0
1789970400000000,0.08836,0.08948,0.08834,0.08907,40992752.0,1789973999999999,3647558.55857,29450,21546108.0,1916804.00695,0
1789974000000000,0.08907,0.08976,0.08881,0.08974,34847614.0,1789977599999999,3112545.12475,33774,17986420.0,1606249.91882,0
1789977600000000,0.08973,0.09267,0.08967,0.09188,184686633.0,1789981199999999,16866190.32129,104319,103421962.0,9446361.82891,0
1789981200000000,0.09187,0.09488,0.09124,0.09214,276746932.0,1789984799999999,25702334.74676,133260,153215481.0,14238705.82665,0
1789984800000000,0.09214,0.09294,0.09174,0.09291,91199027.0,1789988399999999,8432259.67373,45430,38917637.0,3598125.1882,0
1789988400000000,0.09292,0.09379,0.09277,0.09336,73197436.0,1789991999999999,6833030.79727,41391,39098922.0,3650842.74418,0
1789992000000000,0.09337,0.09398,0.09297,0.09349,73957276.0,1789995599999999,6916312.00044,47557,43863036.0,4102424.10345,0
1789995600000000,0.09349,0.09441,0.09246,0.09328,122644502.0,1789999199999999,11475906.55648,82516,60107155.0,5623771.07851,0
1789999200000000,0.09329,0.09522,0.09225,0.09496,151123835.0,1790002799999999,14205992.15459,95382,88742111.0,8342526.41772,0
1790002800000000,0.09495,0.09818,0.09486,0.09733,304453221.0,1790006399999999,29439111.27675,208087,153791410.0,14867258.49681,0
1790006400000000,0.09732,0.09789,0.09521,0.09665,136469827.0,1790009999999999,13210629.92885,106786,63609812.0,6157623.38536,0
1790010000000000,0.09665,0.09908,0.09649,0.09739,179648909.0,1790013599999999,17586209.02416,123274,92730917.0,9079814.55536,0
1790013600000000,0.0974,0.09996,0.09696,0.0997,168955156.0,1790017199999999,16724746.00546,115823,96516711.0,9556538.0421,0
1790017200000000,0.0997,0.1,0.09755,0.09854,136129647.0,1790020799999999,13403048.47018,95321,72834465.0,7171758.89171,0
1790020800000000,0.09854,0.10114,0.09841,0.10018,158360127.0,1790024399999999,15808086.54769,96373,86914918.0,8676937.91983,0
1790024400000000,0.10017,0.1002,0.09804,0.09927,90843926.0,1790027999999999,9013239.79897,61997,51519857.0,5112842.54625,0
1790028000000000,0.09928,0.10191,0.09928,0.10032,132659274.0,1790031599999999,13356082.03194,86579,60311499.0,6071619.9907,0
1790031600000000,0.10031,0.10211,0.09887,0.09986,101734635.0,1790035199999999,10229035.1745,65467,52098490.0,5239967.97624,0
1790035200000000,0.09987,0.10169,0.09919,0.09942,132539747.0,1790038799999999,13326207.6478,120162,67170830.0,6752720.34889,0
1790038800000000,0.09942,0.1005,0.09783,0.09977,144589513.0,1790042399999999,14373240.71383,125923,75868279.0,7544888.09493,0
1790042400000000,0.09976,0.1008,0.09882,0.09892,120188111.0,1790045999999999,12000513.04458,91083,51915593.0,5178503.80072,0
1790046000000000,0.09891,0.10227,0.0985,0.10193,155569098.0,1790049599999999,15591739.79807,115161,85895405.0,8612516.38838,0
1790049600000000,0.10194,0.10589,0.09956,0.09993,355155175.0,1790053199999999,36790641.75657,239823,188613504.0,19546552.43553,0
1790053200000000,0.09994,0.10035,0.0984,0.10008,110727479.0,1790056799999999,11014925.02213,90672,56147712.0,5589909.66728,0
1790056800000000,0.10008,0.10058,0.09942,0.09976,53530195.0,1790060399999999,5352519.8437,51847,29820925.0,2982327.93126,0
1790060400000000,0.09975,0.09999,0.09876,0.09884,48376187.0,1790063999999999,4799047.66205,47916,21019106.0,2085165.45971,0
1790064000000000,0.09884,0.09979,0.09763,0.09958,83985672.0,1790067599999999,8297861.88876,61486,41956056.0,4147917.93868,0
1790067600000000,0.09957,0.09961,0.09821,0.09878,67148976.0,1790071199999999,6623941.25151,51527,38136358.0,3761091.96862,0
1790071200000000,0.09879,0.09879,0.09735,0.09777,47647454.0,1790074799999999,4665552.74804,38472,21655667.0,2120994.81597,0
1790074800000000,0.09777,0.09829,0.09716,0.09792,41657066.0,1790078399999999,4076836.19169,35145,19456629.0,1904162.6044,0
1790078400000000,0.09793,0.09996,0.09754,0.0999,75623736.0,1790081999999999,7454801.23154,45566,36926125.0,3641411.08268,0
1790082000000000,0.0999,0.1011,0.09944,0.10096,132363666.0,1790085599999999,13273254.23537,82651,63732222.0,6391548.02899,0
1790085600000000,0.10096,0.10116,0.09844,0.09999,132500562.0,1790089199999999,13238233.7144,83957,58045670.0,5796660.47632,0
1790089200000000,0.1,0.10055,0.09931,0.10002,89583315.0,1790092799999999,8956940.05635,48555,45812756.0,4581333.01467,0
1790092800000000,0.10001,0.10021,0.09867,0.09949,63776853.0,1790096399999999,6338829.80566,40722,28937227.0,2874362.68968,0
1790096400000000,0.09949,0.10007,0.09927,0.09972,65799789.0,1790099999999999,6557170.57677,33802,37359202.0,3722605.97563,0
1790100000000000,0.09972,0.10015,0.09922,0.09994,62273407.0,1790103599999999,6208303.747,31608,36870380.0,3675657.97368,0
1790103600000000,0.09994,0.1006,0.09957,0.10003,70704329.0,1790107199999999,7079069.72956,32759,35828680.0,3585855.97795,0
1790107200000000,0.10003,0.10061,0.09947,0.10011,44315891.0,1790110799999999,4435976.14628,23359,24408248.0,2443222.71511,0
1790110800000000,0.10012,0.10045,0.09976,0.09999,37545123.0,1790114399999999,3758524.85267,18950,20446434.0,2046228.99867,0
1790114400000000,0.09999,0.1011,0.09927,0.10038,54611250.0,1790117999999999,5476114.17355,34597,30158654.0,3024595.25944,0
1790118000000000,0.10038,0.10128,0.09996,0.10044,57560352.0,1790121599999999,5791009.97082,30793,29810474.0,2999467.33237,0
1790121600000000,0.10044,0.10139,0.10022,0.10076,36560565.0,1790125199999999,3684648.71644,35807,22009491.0,2218348.26072,0
1790125200000000,0.10076,0.10271,0.10067,0.10144,76608491.0,1790128799999999,7791440.36745,67674,42924126.0,4365497.96154,0
1790128800000000,0.10143,0.10377,0.10044,0.10347,78215294.0,1790132399999999,7987417.68535,69973,45899601.0,4686726.56633,0
1790132400000000,0.10346,0.10438,0.1025,0.10394,103871187.0,1790135999999999,10749465.11938,72691,53784046.0,5565550.32176,0
1790136000000000,0.10394,0.10432,0.10331,0.10357,75520463.0,1790139599999999,7843676.62147,57016,37335928.0,3877155.63966,0
1790139600000000,0.10357,0.10359,0.10115,0.10142,74416797.0,1790143199999999,7602226.71509,54453,42773626.0,4366489.22366,0
1790143200000000,0.10143,0.10288,0.10122,0.10224,42419734.0,1790146799999999,4326702.15046,39774,22918039.0,2337144.23549,0
1790146800000000,0.10223,0.10229,0.10053,0.10088,76463922.0,1790150399999999,7747392.47881,57558,35304789.0,3577920.9736,0
1790150400000000,0.10089,0.10168,0.09888,0.09972,107262241.0,1790153999999999,10746041.02248,70196,49914645.0,5004299.72008,0
1790154000000000,0.09973,0.10034,0.09954,0.09988,63484430.0,1790157599999999,6340200.12149,35939,32047205.0,3200795.36988,0
1790157600000000,0.09987,0.10018,0.09923,0.10013,62418846.0,1790161199999999,6224410.01897,40814,36048717.0,3594443.68012,0
1790161200000000,0.10014,0.10024,0.09889,0.09936,59367148.0,1790164799999999,5905999.06066,44216,24663475.0,2453233.02141,0
1790164800000000,0.09936,0.0998,0.09874,0.09949,44779120.0,1790168399999999,4451376.03615,40186,24142804.0,2400776.9242,0
1790168400000000,0.09948,0.10007,0.09858,0.09941,62814318.0,1790171999999999,6233735.84218,51959,36616335.0,3633740.68892,0
1790172000000000,0.09941,0.09995,0.093,0.09489,423473210.0,1790175599999999,40320917.77317,235068,208485656.0,19847087.12154,0
1790175600000000,0.09489,0.09525,0.0925,0.09277,136619307.0,1790179199999999,12795319.46086,72798,73370347.0,6871496.07062,0
1790179200000000,0.09277,0.09332,0.09113,0.09244,125581407.0,1790182799999999,11600264.47665,72950,67847825.0,6268380.98809,0
1790182800000000,0.09244,0.09277,0.09155,0.09243,52028392.0,1790186399999999,4801155.64968,37688,31587714.0,2915311.98321,0
1790186400000000,0.09243,0.09256,0.09168,0.09208,96812058.0,1790189999999999,8914257.89709,29881,62290730.0,5734127.12547,0
1790190000000000,0.09208,0.09277,0.09199,0.09235,48296702.0,1790193599999999,4461409.94252,24275,32326068.0,2986005.66826,0
1790193600000000,0.09235,0.09248,0.09182,0.09189,28310806.0,1790197199999999,2608338.77313,17962,17200112.0,1584696.55857,0
1790197200000000,0.09188,0.09274,0.09164,0.09252,35129170.0,1790200799999999,3238355.69224,18233,22367957.0,2061563.96642,0
1790200800000000,0.09252,0.09327,0.09234,0.09262,35844162.0,1790204399999999,3324223.58422,22088,21313213.0,1975910.00916,0
1790204400000000,0.09263,0.09284,0.09235,0.09272,27054674.0,1790207999999999,2506505.96841,14690,10218559.0,946898.76319,0
